{
	"miniprogramRoot": "miniprogram/",
	"cloudfunctionRoot": "cloudfunctions/",
	"setting": {
		"urlCheck": true,
		"es6": true,
		"enhance": true,
		"postcss": true,
		"minified": true,
		"newFeature": true,
		"coverView": true,
		"autoAudits": false,
		"checkInvalidKey": true,
		"checkSiteMap": true,
		"uploadWithSourceMap": true,
		"babelSetting": {
			"ignore": [],
			"disablePlugins": [],
			"outputPath": ""
		},
		"nodeModules": true
	},
	"appid": "wx34b6109f608fac98",
	"projectname": "takeout_combine",
	"libVersion": "2.8.1",
	"simulatorType": "wechat",
	"simulatorPluginLibVersion": {},
	"cloudfunctionTemplateRoot": "cloudfunctionTemplate",
	"condition": {
		"search": {
			"current": -1,
			"list": []
		},
		"conversation": {
			"current": -1,
			"list": []
		},
		"plugin": {
			"current": -1,
			"list": []
		},
		"game": {
			"list": []
		},
		"gamePlugin": {
			"current": -1,
			"list": []
		},
		"miniprogram": {
			"current": 0,
			"list": [
				{
					"id": -1,
					"name": "db guide",
					"pathName": "pages/databaseGuide/databaseGuide",
					"query": ""
				},
				{
					"id": 1,
					"name": "pages/goodDetail/goodDetail",
					"pathName": "pages/goodDetail/goodDetail",
					"query": "",
					"scene": null
				},
				{
					"id": -1,
					"name": "pages/signin/signin",
					"pathName": "pages/signin/signin",
					"query": "",
					"scene": null
				},
				{
					"id": -1,
					"name": "pages/homeRank/homeRank",
					"pathName": "pages/homeRank/homeRank",
					"query": "",
					"scene": null
				},
				{
					"id": -1,
					"name": "pages/MessagePass/MessagePass",
					"pathName": "pages/MessagePass/MessagePass",
					"query": "",
					"scene": null
				},
				{
					"id": -1,
					"name": "pages/MessageShop/MessageShop",
					"pathName": "pages/MessageShop/MessageShop",
					"query": "",
					"scene": null
				},
				{
					"id": -1,
					"name": "pages/storeDetail/storeDetail",
					"pathName": "pages/storeDetail/storeDetail",
					"query": "",
					"scene": null
				},
				{
					"id": -1,
					"name": "pages/homepage/homepage",
					"pathName": "pages/homepage/homepage",
					"query": "",
					"scene": null
				},
				{
					"id": 8,
					"name": "pages/test/index",
					"pathName": "pages/test/index",
					"query": "",
					"scene": null
				},
				{
					"id": -1,
					"name": "pages/mine/mine",
					"pathName": "pages/mine/mine",
					"query": "",
					"scene": null
				},
				{
					"id": -1,
					"name": "pages/m",
					"pathName": "pages/my_menu/my_menu",
					"query": "",
					"scene": null
				},
				{
					"id": -1,
					"name": "pages/order/order",
					"pathName": "pages/order/order",
					"query": "",
					"scene": null
				},
				{
					"id": -1,
					"name": "pages/MessageKuaidi/MessageKuaidi",
					"pathName": "pages/MessageKuaidi/MessageKuaidi",
					"query": "",
					"scene": null
				},
				{
					"id": -1,
					"name": "pages/index/index",
					"pathName": "pages/index/index",
					"query": "",
					"scene": null
				},
				{
					"id": -1,
					"name": "pages/Login/Login",
					"pathName": "pages/Login/Login",
					"query": "",
					"scene": null
				},
				{
					"id": -1,
					"name": "pages/income_chart/income_chart",
					"pathName": "pages/income_chart/income_chart",
					"scene": null
				}
			]
		}
	}
}