{
	"miniprogramRoot": "miniprogram/",
	"cloudfunctionRoot": "cloudfunctions/",
	"setting": {
		"urlCheck": true,
		"es6": true,
		"postcss": true,
		"minified": true,
		"newFeature": true,
		"enhance": true
	},
	"appid": "wx34b6109f608fac98",
	"projectname": "rider_0317",
	"libVersion": "2.8.1",
	"simulatorType": "wechat",
	"simulatorPluginLibVersion": {},
	"condition": {
		"search": {
			"current": -1,
			"list": []
		},
		"conversation": {
			"current": -1,
			"list": []
		},
		"plugin": {
			"current": -1,
			"list": []
		},
		"game": {
			"list": []
		},
		"gamePlugin": {
			"current": -1,
			"list": []
		},
		"miniprogram": {
			"current": 0,
			"list": [
				{
					"id": -1,
					"name": "db guide",
					"pathName": "pages/databaseGuide/databaseGuide",
					"query": ""
				},
				{
					"id": -1,
					"name": "pages/setting/setting",
					"pathName": "pages/setting/setting",
					"query": "",
					"scene": null
				},
				{
					"id": -1,
					"name": "pages/username_change/username_change",
					"pathName": "pages/username_change/username_change",
					"query": "",
					"scene": null
				},
				{
					"id": -1,
					"name": "pages/password_change/password_change",
					"pathName": "pages/password_change/password_change",
					"query": "",
					"scene": null
				},
				{
					"id": -1,
					"name": "pages/feedback/feedback",
					"pathName": "pages/feedback/feedback",
					"query": "",
					"scene": null
				},
				{
					"id": -1,
					"name": "pages/evaluation/evaluation",
					"pathName": "pages/evaluation/evaluation",
					"query": "",
					"scene": null
				},
				{
					"id": -1,
					"name": "pages/my_menu/my_menu",
					"pathName": "pages/my_menu/my_menu",
					"query": "",
					"scene": null
				},
				{
					"id": -1,
					"name": "pages/point_detail/point_detail",
					"pathName": "pages/point_detail/point_detail",
					"query": "",
					"scene": null
				},
				{
					"id": -1,
					"name": "pages/homepage/homepage",
					"pathName": "pages/homepage/homepage",
					"query": "",
					"scene": null
				},
				{
					"id": -1,
					"name": "pages/mine/mine",
					"pathName": "pages/mine/mine",
					"query": "",
					"scene": null
				},
				{
					"id": -1,
					"name": "pages/homepage/homepage",
					"pathName": "pages/homepage/homepage",
					"query": "",
					"scene": null
				},
				{
					"id": -1,
					"name": "pages/point_detail/point_detail",
					"pathName": "pages/point_detail/point_detail",
					"query": "",
					"scene": null
				},
				{
					"id": -1,
					"name": "pages/signin/signin",
					"pathName": "pages/signin/signin",
					"query": "",
					"scene": null
				},
				{
					"id": -1,
					"name": "pages/signin/signin",
					"pathName": "pages/signin/signin",
					"query": "",
					"scene": null
				},
				{
					"id": -1,
					"name": "pages/setting/setting",
					"pathName": "pages/setting/setting",
					"scene": null
				}
			]
		}
	}
}